rent,size_sqft,bedrooms
2550,480,0.0
11500,2000,2.0
4500,916,1.0
4795,975,1.0
17500,4800,2.0
3800,1100,3.0
1995,600,0.0
2995,579,0.0
15000,1715,2.0
4650,915,1.0
2950,550,1.0
6920,1439,3.0
4875,900,1.0
4850,789,1.0
3700,947,1.0
4200,900,2.0
2195,500,1.0
4200,640,1.0
9000,1749,2.0
4950,870,1.0
3000,573,0.5
2450,700,1.0
1950,400,0.0
3375,652,1.0
2395,1000,2.5
4990,823,1.0
7495,1431,2.0
10000,1600,1.0
3090,800,2.0
10904,1307,3.0
2100,410,0.0
2499,400,0.0
3650,763,2.0
3800,900,2.0
9800,1270,2.0
4350,783,1.0
2495,800,2.0
3625,650,1.0
9000,1250,2.0
5800,1200,2.0
3295,465,1.0
2200,325,0.0
5485,1028,2.0
2950,765,0.0
2750,600,1.0
8200,1431,2.0
2000,750,2.0
4995,1100,3.0
1875,900,2.0
3900,750,1.0
2400,500,0.0
5325,697,1.0
3500,525,0.0
3900,643,1.0
3375,800,2.0
6400,1094,2.0
12500,2082,2.0
2595,285,0.0
2199,900,2.0
2430,330,0.0
10000,1318,2.0
6400,1100,3.0
5895,1250,2.0
2600,490,0.0
4700,500,1.0
6000,1428,2.0
4995,866,2.0
3388,825,0.0
3483,735,1.0
2900,1250,2.0
4600,890,1.0
1695,750,1.0
2700,542,0.0
11750,3100,4.0
5080,850,1.0
4890,815,1.0
3800,750,1.0
5200,2000,3.0
2800,450,0.0
6000,1200,2.0
2100,400,0.0
2300,500,1.0
16750,2850,3.0
6400,1151,2.0
5595,1170,2.0
2800,466,0.0
3219,533,0.0
8500,1244,2.0
10000,1508,2.0
3775,600,1.0
4350,880,1.0
3995,899,1.0
4995,1153,2.0
7195,2430,5.0
7600,1500,2.0
2995,350,1.0
4490,620,1.0
3450,1800,3.0
3800,700,1.0
14662,1732,4.0
2575,490,0.0
3750,700,1.0
6695,1033,2.0
5500,1165,1.0
5475,1094,1.0
4910,933,2.0
5150,695,1.0
4950,1115,1.0
5225,770,1.0
13750,1920,3.0
4500,755,1.0
2200,675,1.0
4000,840,1.0
4300,559,0.0
2750,730,1.0
5120,1003,2.0
5895,1200,2.0
11723,1540,3.0
4270,630,1.0
2995,548,0.0
2150,687,1.0
3500,651,1.0
2150,650,1.0
2350,400,0.0
4499,837,2.0
3815,665,1.0
3200,850,2.0
1625,560,1.0
3500,722,1.0
3495,686,1.0
2025,350,0.0
2700,750,3.0
3550,748,1.0
6000,1500,1.0
4750,917,2.0
2800,520,0.0
5000,707,1.0
3500,1050,2.0
6800,1295,2.0
2775,500,0.0
7900,1160,2.0
3995,800,1.0
9950,2050,1.0
3400,800,1.0
3300,725,1.0
11000,3000,2.0
3250,850,2.0
5700,1176,2.0
7246,1080,2.0
5688,1260,2.0
6350,1352,1.0
2800,351,0.0
5740,761,1.0
3500,1031,2.0
12500,2500,3.0
2695,625,0.0
2895,506,0.0
16500,1895,2.0
5000,764,1.0
6600,1100,2.0
3490,800,2.0
4800,1000,2.0
4050,805,1.0
5850,752,1.0
2300,650,1.0
3275,480,0.0
4095,713,1.0
2995,800,2.0
5900,1076,2.0
3920,718,1.0
4795,707,1.0
3800,600,1.0
12500,1833,3.0
5000,805,1.0
4365,619,0.0
3950,899,1.0
4000,740,1.0
3905,809,1.0
4000,700,1.0
2750,475,0.0
3631,707,1.0
2095,410,0.0
7995,852,2.0
2995,579,0.0
18450,830,2.0
4250,800,1.0
4995,972,1.0
4200,530,0.0
4300,700,1.0
14000,2000,2.0
8250,1406,2.0
3950,750,1.0
5995,1815,1.0
4785,823,1.0
4800,1150,2.0
3595,620,1.0
4500,1041,2.0
5415,767,1.0
5500,1145,1.0
3700,850,2.0
1700,400,1.0
2799,750,0.0
9300,1800,3.0
4990,643,1.0
7795,1266,3.0
6000,900,2.0
2450,450,0.0
7000,2200,4.0
3250,570,0.0
5495,860,1.0
4050,834,1.0
3900,720,1.0
3195,574,1.0
3000,496,1.0
3700,642,1.0
7950,1280,2.0
2995,610,1.0
2600,437,0.0
2095,410,0.0
5668,1022,2.0
7995,1518,3.0
3190,650,1.0
2300,400,1.0
4950,917,2.0
3100,475,1.0
6400,1300,3.0
3950,800,1.0
4400,500,1.0
6450,1025,2.0
3100,757,1.0
7700,1175,2.0
18250,2700,4.0
13500,1868,3.0
5780,1300,3.0
6800,1280,2.0
3300,750,2.0
5500,1000,2.0
1750,500,2.0
8500,1478,2.0
2650,482,0.0
3700,763,1.0
6000,923,1.0
5145,1038,2.0
2600,525,1.0
1600,550,0.0
3058,533,0.0
4475,583,0.0
4950,927,1.0
3932,678,1.0
3000,730,1.0
5150,910,3.0
3450,750,1.0
2250,750,2.0
4260,958,2.0
4375,668,1.0
10995,1800,3.0
2900,600,1.0
4200,690,1.0
7500,1425,3.0
3665,674,1.0
3800,1100,3.0
2995,800,1.0
3935,752,1.0
2495,500,0.5
3400,636,1.0
5535,971,2.0
3600,643,1.0
5440,1120,2.0
1950,400,0.0
4100,600,1.0
2200,275,0.0
7000,1367,2.5
4695,1033,2.0
5300,855,1.0
7900,1025,2.0
3600,648,1.0
1950,900,2.0
7500,1600,2.0
5150,719,1.0
4730,829,2.0
1460,305,0.0
5300,1141,1.0
9995,1947,3.0
3950,679,1.0
2685,550,1.0
2695,700,1.0
3500,625,1.0
4000,1024,2.0
14000,2556,2.0
9950,1238,1.0
3675,900,1.0
7250,1150,2.0
3425,465,0.0
2125,500,0.5
4200,800,1.0
2999,600,1.0
5100,720,1.0
5256,979,2.0
3688,766,0.0
2595,650,1.0
3850,800,1.0
4000,687,1.0
3290,750,1.0
2100,650,1.0
5200,1000,4.0
10000,1350,2.0
6300,1260,2.0
4870,972,2.0
4500,890,1.0
6000,801,1.0
2500,800,2.0
14500,2700,4.0
4000,555,1.0
2150,669,1.0
12000,1828,2.0
2300,425,0.0
10780,1608,3.0
1650,585,1.0
5350,900,1.0
4495,951,2.0
14500,1400,2.0
3800,1100,2.0
1800,670,1.0
2450,400,0.0
6000,1000,1.0
2750,750,2.0
5050,985,1.0
2200,550,1.0
3085,506,0.0
3650,517,0.0
3800,710,1.0
3500,585,0.0
10500,1900,4.0
7999,1825,4.0
4185,884,1.0
3350,400,0.0
2850,850,3.0
3323,1400,3.0
4300,650,2.0
5900,980,1.0
3200,900,2.0
10662,2044,3.0
6650,1143,2.0
3800,682,1.0
4080,560,1.0
5000,1000,2.0
3500,700,1.0
7500,1487,2.0
4575,853,0.0
4000,775,1.0
3925,572,0.0
5500,934,1.0
8500,1650,3.0
3300,1300,3.0
15000,2800,2.0
4950,812,1.0
9995,1552,3.0
3495,771,1.0
2600,740,2.0
3000,800,2.0
5855,1171,2.0
4500,874,1.0
7995,1075,1.0
18000,3160,4.0
2450,475,0.0
3791,585,1.0
5600,865,1.0
3945,609,1.0
3000,613,0.0
7500,1400,2.0
3950,606,1.0
3450,500,0.0
3200,717,1.0
5850,850,1.0
10995,2200,4.0
2800,550,0.0
2575,386,0.0
1599,343,0.0
3400,606,1.0
2995,900,2.0
3790,752,1.0
4195,760,1.0
9415,1650,3.0
1795,800,1.0
6000,982,1.0
4765,741,1.0
5250,896,1.0
17500,2433,3.0
5250,861,2.0
3845,841,1.0
8000,1907,2.0
3560,698,1.0
1775,400,0.0
5100,1040,2.0
8000,2084,3.0
7650,900,1.0
15000,2070,3.0
3100,520,0.0
2445,500,0.0
5200,861,1.0
3285,494,0.0
10000,1500,2.0
5250,850,1.0
4600,1013,3.0
4450,1350,2.0
9000,1800,3.0
7000,1325,2.0
15000,1981,3.0
2995,750,1.0
4200,719,1.0
2600,400,0.0
9700,2000,4.0
6058,1222,2.0
11257,2000,5.0
5000,700,1.0
2400,503,0.0
3250,525,0.0
14000,2000,2.0
4035,490,0.0
3395,620,1.0
14000,2153,3.0
2825,538,0.0
2050,300,0.0
2995,500,0.0
5050,1195,2.0
5900,1650,0.0
2450,550,0.0
2200,400,0.0
3730,740,1.0
5600,909,1.0
2800,600,1.0
11000,2101,2.0
4350,643,1.0
3900,850,1.0
6500,1175,2.0
7495,650,2.0
2999,800,1.0
2595,600,1.0
5250,1000,2.0
5995,1500,2.0
3946,547,1.0
7800,1404,2.0
3200,613,0.0
4950,900,2.0
3650,850,2.0
2600,570,0.0
3100,1000,4.0
4500,900,2.0
5250,724,1.0
3375,658,1.0
4600,955,2.0
3675,650,1.0
3350,800,1.0
3500,760,1.0
6250,800,2.0
4700,941,1.0
2485,550,0.0
12500,1776,3.0
4615,775,1.0
3250,650,0.5
4000,900,1.0
2000,400,0.0
3950,860,1.0
2099,300,0.0
10000,1849,2.0
3195,620,0.0
2750,428,0.0
2950,525,0.0
5400,855,1.0
5100,767,1.0
2150,615,1.0
4800,1150,2.0
3415,592,1.0
5995,950,2.0
3695,1000,1.0
2650,547,0.0
4600,750,1.0
2790,472,0.0
3700,800,1.0
4500,864,2.0
14500,1800,3.0
3550,642,1.0
3535,702,1.0
9000,1800,1.0
4000,639,1.0
3323,431,0.0
6495,1195,3.0
2400,400,1.0
4600,1100,2.0
8000,1436,2.0
4495,801,2.0
2900,700,1.0
6080,1211,2.0
5100,1200,4.0
3453,514,0.0
9000,1611,2.0
9350,1700,2.0
3510,788,1.0
4506,1134,2.0
4000,550,1.0
3000,620,0.0
3370,583,1.0
6310,988,2.0
4995,908,2.0
3495,773,1.0
3823,924,0.0
12500,2150,4.0
12000,3425,5.0
7995,1317,3.0
3100,683,1.0
4610,602,1.0
4768,600,1.0
3650,709,1.0
2750,500,0.0
3900,1100,3.0
4000,768,1.0
5500,900,1.0
1850,550,2.0
3150,770,1.0
2400,775,1.0
11500,1644,2.0
2700,560,0.0
9950,1900,3.0
3200,670,1.0
4495,778,1.0
3150,700,1.0
5500,1200,0.0
3950,737,1.0
4200,2000,4.0
3195,850,2.0
4000,850,1.0
9995,1809,2.0
5125,1034,2.0
2625,565,0.0
3225,520,0.0
5950,732,1.0
2650,500,0.0
7500,992,1.0
5200,1500,4.0
6650,1171,2.0
2450,435,0.0
6700,1000,2.0
7195,1450,2.0
3350,428,0.0
4686,759,1.0
4500,938,1.0
2600,452,0.0
3000,703,1.0
6950,1150,2.0
4650,670,1.0
3350,714,1.0
6854,2200,3.0
3800,1500,4.0
8500,1409,2.0
2950,819,1.0
6250,987,1.0
7350,1380,2.0
4750,851,1.0
2720,265,0.0
2495,600,1.0
2150,600,1.0
2950,600,0.0
2700,450,0.0
3341,623,0.0
5300,1050,2.0
3400,623,1.0
6900,2200,3.0
2690,600,1.0
2000,600,1.0
3950,929,0.0
2600,428,0.0
15000,1700,2.0
13900,2000,3.0
2990,504,1.0
4795,1015,2.0
2850,750,2.0
3500,1000,2.0
6995,800,1.0
6500,1218,1.0
2700,450,0.0
7500,1500,4.0
5700,940,1.0
3900,560,1.0
4195,700,1.0
7290,1164,3.0
3800,900,1.0
3410,850,1.0
2900,525,0.0
9250,1653,2.0
13000,1973,3.0
10000,1840,2.0
4500,927,2.0
3000,600,1.0
2400,600,1.0
3000,615,1.0
6861,1231,2.0
6917,812,2.0
3800,850,1.0
3800,800,1.0
9250,1266,2.0
9995,1554,2.0
5995,1200,2.0
4280,875,1.0
4000,774,2.0
4275,735,1.0
3700,615,0.0
2395,550,0.0
9995,2100,3.0
6000,968,2.0
2050,450,1.0
3000,450,0.0
4565,642,1.0
3800,840,1.0
2900,1240,2.0
13500,2011,2.0
1999,500,0.0
3100,849,1.0
9750,1300,2.0
2500,470,0.0
11500,1700,3.0
3900,1100,4.0
5400,1800,3.0
2425,518,0.0
5940,709,1.0
10495,1549,2.0
3500,700,1.0
6055,962,2.0
11538,1540,3.0
5900,1450,2.0
4140,825,1.0
3876,529,1.0
2879,594,0.0
13000,1300,2.0
5995,1321,2.0
8250,1250,3.0
3595,773,1.0
6500,1100,2.0
18500,1843,2.0
6350,1352,2.0
5250,1191,2.0
3300,649,1.0
3750,820,1.0
8000,1038,2.0
5200,1500,3.0
7795,800,1.0
3500,650,1.0
13000,1851,3.0
3642,610,1.0
3100,579,0.0
3900,801,1.0
3500,725,1.0
7000,1000,3.0
8095,1698,3.0
7500,1150,2.0
7995,1356,2.0
3200,521,0.0
9000,1192,2.0
3365,637,1.0
6465,1168,2.0
2900,550,0.0
6700,1200,2.0
3705,697,1.0
4216,744,1.0
3395,800,1.0
2735,428,0.0
2800,670,1.0
8100,1309,3.0
2650,549,0.0
2900,600,0.0
5555,874,2.0
15900,1591,2.0
3575,705,1.0
8750,1420,3.0
5275,911,2.0
15000,2300,3.0
7500,1265,2.0
1895,400,0.0
4750,977,2.0
4600,1062,0.0
3150,560,1.0
4050,762,1.0
7085,1439,3.0
3595,598,0.0
3900,884,1.0
3595,735,1.0
5250,1200,2.0
2495,550,1.0
12500,1760,3.0
3645,600,1.0
7350,1103,2.0
5110,745,1.0
2550,550,1.0
2900,550,1.0
4650,942,1.0
3800,1000,3.0
3530,530,0.0
2795,500,0.0
5800,950,2.0
3500,693,1.0
2215,710,1.0
3325,628,1.0
4250,809,1.0
8500,1400,2.0
2935,559,0.0
8995,1667,2.0
6594,1082,2.0
9850,1489,2.0
8200,1055,2.0
6776,808,2.0
5999,1000,1.0
2095,700,2.0
2595,400,0.0
3500,947,1.0
3300,500,0.0
6800,1700,4.0
16000,1800,2.0
3750,800,1.0
3195,720,1.0
4700,707,1.0
2805,472,0.0
4150,747,0.0
3515,750,1.0
5850,942,1.0
3850,770,1.0
6350,1014,1.0
4000,750,1.0
5250,1800,3.0
3645,674,1.0
3725,591,1.0
2695,805,2.0
2650,625,1.0
1995,1000,2.0
6500,1500,2.0
3700,700,1.0
4500,733,1.0
3350,644,0.0
5999,1248,2.0
2800,618,0.0
4350,715,1.0
2600,600,0.5
3800,600,0.0
2500,1000,2.0
2800,420,0.0
2850,500,0.0
6118,909,1.0
5995,1400,2.0
3850,780,1.0
5395,558,1.0
3750,1100,3.0
1443,550,1.0
2795,800,1.0
4500,1400,4.0
3600,1200,2.0
3750,636,0.0
3800,1100,3.0
12000,1600,3.5
5155,812,1.0
2500,1200,2.0
2250,500,0.0
3750,646,1.0
4995,725,1.0
4198,851,0.0
7500,1052,1.0
3000,1400,3.0
3093,461,0.0
11000,1815,3.0
4195,854,1.0
2700,452,0.0
2499,700,2.0
3865,910,1.0
5935,926,1.0
4950,981,1.0
4600,900,1.0
8500,1500,3.0
3350,600,2.0
3550,581,1.0
4600,717,1.0
4850,1010,2.0
3150,750,1.0
3400,700,1.0
2200,675,1.0
3300,694,1.0
7000,1394,3.0
3850,605,0.0
6500,1100,1.0
12000,1737,3.0
2975,402,0.0
3100,600,0.0
2990,395,0.0
6995,1172,2.0
3229,470,0.0
3250,700,1.0
3254,403,0.0
8950,1449,2.0
3495,800,1.0
4850,938,2.0
4995,947,1.0
2900,600,1.0
3184,696,1.0
3000,500,0.0
10400,1797,3.0
2100,450,0.0
3160,602,0.0
3308,470,0.0
3500,499,0.0
4846,805,2.0
2300,611,1.0
2750,493,0.0
2695,445,0.0
6995,1091,2.0
6000,1034,2.0
2620,466,0.5
4895,950,2.0
3250,900,1.0
3498,464,0.0
1990,475,1.0
2650,471,0.0
5795,1133,2.0
7500,1104,2.0
2600,650,1.0
6725,1021,1.0
3200,622,0.0
20000,2600,3.0
3640,664,1.0
4500,800,2.0
5600,1049,2.0
3900,1000,2.0
3285,586,1.0
2850,500,0.0
3950,714,1.0
2775,486,0.0
3840,709,1.0
2100,500,1.0
2295,250,0.0
3700,900,1.5
3550,900,1.0
8500,1275,2.0
5500,925,1.0
5345,1038,2.0
5150,679,1.0
3965,629,1.0
4400,950,2.0
5340,971,2.0
2100,400,0.0
7250,1339,3.0
2850,488,1.0
1987,850,1.0
3600,668,1.0
3300,650,1.5
3795,577,0.0
2400,1250,2.0
4410,802,1.0
9250,1800,3.0
3230,1000,2.0
3500,678,1.0
4000,672,1.0
3813,826,0.0
3750,679,1.0
4590,730,1.0
4056,920,2.0
7250,2000,4.0
3595,700,2.0
8500,1613,2.0
2950,587,1.0
3600,775,1.0
3730,740,1.0
3100,550,0.0
3495,750,2.0
3700,1250,3.0
3850,817,1.0
3600,700,2.0
2095,475,0.0
7650,1235,2.0
2790,421,0.0
3295,628,1.0
3000,620,3.0
8900,1100,2.0
2960,537,0.0
4400,692,1.0
2995,500,0.0
1950,596,1.0
3850,675,1.0
4000,1000,3.0
5819,1121,2.0
4100,944,1.0
4195,1300,4.0
4200,535,1.0
3825,764,1.0
5250,1158,1.0
3400,800,2.0
2723,457,0.0
3800,817,2.0
15000,2000,2.0
3800,700,1.0
3342,648,1.0
7880,1500,3.0
4965,812,1.0
16000,2110,4.0
1600,550,0.0
3187,650,2.0
2750,550,1.0
5958,1300,2.0
4100,940,2.0
3600,710,2.0
3700,600,1.0
2700,550,0.0
4000,700,3.0
3300,650,1.0
2350,771,1.0
3795,750,2.0
7500,1300,3.0
5771,1018,2.0
4600,960,1.0
3400,850,1.0
3715,591,1.0
2750,595,0.0
1600,450,1.0
6500,1188,2.0
1500,450,0.0
2795,700,1.0
3211,775,1.0
6900,1196,2.0
2450,870,2.0
4400,750,1.0
3895,650,1.0
5260,1139,2.0
7500,1214,2.0
5495,1000,1.0
2595,600,1.0
5500,1000,1.0
5000,550,1.0
4150,640,1.0
3100,575,1.0
3995,589,1.0
3875,653,1.0
7000,1350,2.0
3775,609,1.0
10500,3000,3.0
12000,1982,3.0
2750,546,0.0
6800,1233,1.0
3700,900,2.0
3167,675,0.0
3775,632,1.0
3495,631,2.0
2900,1200,2.0
3805,698,1.0
5950,988,1.0
8500,2000,3.0
6806,1082,2.0
3195,800,1.0
10600,1749,3.0
3300,500,0.0
2950,585,0.0
2995,670,1.0
5300,960,1.0
4400,927,2.0
3100,602,0.0
3990,1000,1.0
2499,367,0.0
4695,900,2.0
7100,1900,2.0
5600,850,2.0
2400,550,0.0
4195,885,1.0
5450,1070,2.0
3300,538,0.0
3405,591,1.0
12000,2027,2.0
5800,1200,2.0
7995,990,1.0
1700,350,0.0
3900,698,0.0
2595,800,1.0
3465,804,1.0
2550,1000,2.5
3500,600,1.0
6300,1207,2.0
4500,850,0.0
3395,474,0.0
14000,1814,2.0
6900,1800,2.0
3505,754,1.0
2975,587,0.0
2100,500,2.0
9000,1578,2.0
8500,1459,2.0
5995,970,1.0
3700,655,1.0
6000,945,1.0
16000,2195,3.0
2050,900,1.0
3150,575,1.0
5018,737,1.0
5900,811,1.0
3025,515,0.0
3600,1050,3.0
4585,900,1.0
3500,850,1.0
2500,400,0.0
3500,710,1.0
2950,700,1.0
6200,1002,2.0
7700,1546,2.0
6000,1280,2.0
2300,500,1.0
5200,823,2.0
10950,1749,3.0
7243,1231,2.0
3100,700,2.0
2450,900,2.0
3500,600,1.0
5600,800,1.0
3000,526,1.0
2250,400,0.0
3853,464,0.0
5250,850,1.0
2925,650,1.0
3500,700,1.0
3900,719,1.0
2700,466,0.0
2299,700,1.0
3495,708,1.0
5995,1417,3.0
20000,2200,2.0
5200,691,1.0
6000,802,1.0
1899,350,0.0
3575,735,1.0
2495,800,2.0
6400,1024,2.0
3395,700,1.0
3500,550,0.0
11600,1665,2.0
7300,1167,2.0
3325,607,1.0
3995,602,1.0
3000,650,1.0
3050,484,0.0
3392,769,1.0
4865,697,1.0
5890,752,1.0
3555,600,1.0
7800,1900,4.0
3645,811,1.0
10500,2100,3.0
3200,462,0.0
8350,1436,3.0
2350,367,0.0
8800,1612,2.0
3543,523,0.0
17500,3016,3.0
4200,567,0.0
3995,938,1.0
8500,1807,2.0
10500,1460,2.0
4000,764,1.0
2750,800,1.0
10500,1500,3.0
3750,817,1.0
4950,850,3.0
4968,948,2.0
4000,874,1.0
2100,350,0.0
2495,400,0.0
4100,1100,3.0
6750,1589,2.0
2600,441,0.0
9850,2100,3.0
4100,690,1.0
5795,626,1.0
7000,1500,3.0
7600,1325,2.0
11900,2305,3.0
3181,581,0.0
8000,1250,2.0
20000,2160,4.0
3650,520,0.0
6000,1700,4.0
4450,985,1.0
2295,700,2.0
4055,818,1.0
3795,900,2.0
3750,500,1.0
4000,500,0.0
3900,640,1.0
6000,962,1.0
2595,500,1.0
12750,1736,2.0
3350,585,0.0
2650,500,0.0
3000,525,0.0
4500,700,1.0
3500,650,1.0
9995,1900,4.0
12999,1990,2.0
3100,654,1.0
4200,1400,4.0
14000,1959,3.0
14000,1543,2.0
2999,560,0.0
19950,2750,2.0
4850,706,1.0
5800,811,1.0
2195,500,1.0
3060,515,0.0
2125,475,1.0
1750,600,0.0
4200,625,0.0
3600,800,3.0
6900,1300,2.0
6000,1100,2.0
3195,700,1.0
3690,802,1.0
2775,342,0.0
4395,692,1.0
6815,1100,2.0
2150,450,0.0
3800,718,1.0
3000,667,1.0
3550,500,0.0
6400,1226,2.0
2370,600,1.0
2550,409,0.0
5500,765,1.0
4695,754,1.0
5200,800,1.0
2900,530,0.0
3100,550,1.0
3130,594,1.0
8750,1472,2.0
5500,1000,1.0
3200,900,2.0
4050,826,1.0
10500,1865,3.0
6900,1049,2.0
2325,500,0.5
3900,850,1.0
5200,1141,2.0
2300,475,0.0
4363,620,1.0
6500,1100,2.0
4362,982,1.0
2895,650,1.0
4000,700,1.0
5500,1180,1.0
4350,723,1.0
3960,640,0.0
12000,1865,2.0
5995,1206,2.0
3557,621,1.0
1832,800,2.0
5300,776,1.0
3140,525,0.0
15000,2350,2.5
3710,577,0.0
3375,850,1.0
3500,700,1.0
2650,459,0.0
3995,704,2.0
9995,1132,3.0
4895,876,1.0
6800,1200,2.0
9200,1434,2.0
3930,710,1.0
5495,966,1.0
9000,1521,1.0
2855,482,0.0
2595,600,1.0
9500,1026,1.0
4895,1000,2.0
3995,930,1.0
4500,715,1.0
13800,1702,3.0
2875,512,0.0
3150,875,1.0
11500,1750,3.0
1950,594,2.0
2695,355,0.0
3500,712,1.0
13250,1726,3.0
8375,1735,4.0
2000,350,0.0
3600,1164,2.0
4885,880,1.0
7800,1186,2.0
8975,1750,3.0
14900,2095,3.0
4000,1000,1.0
1999,450,0.0
4090,710,1.0
4500,800,1.0
2750,485,0.0
2200,750,1.0
2628,425,0.0
4200,1000,3.0
3700,765,1.0
3500,670,1.0
4480,642,1.0
5995,1200,2.0
2195,450,1.0
3500,765,1.0
5000,915,2.0
1525,305,0.0
7500,1400,1.0
8250,1157,2.0
3000,500,0.0
4950,899,1.0
2570,265,0.0
3850,575,1.0
2650,386,0.0
5750,1280,2.0
4100,789,1.0
3712,1201,1.0
6495,1152,2.0
2300,417,0.0
2650,430,0.5
6400,1500,3.0
3700,732,1.0
4750,679,1.0
3825,800,1.0
3195,482,1.0
7995,1300,2.0
3850,667,0.0
3200,600,1.0
5000,1800,5.0
8900,1547,2.0
4650,705,0.0
3090,494,0.0
9900,1690,2.0
1795,800,1.0
4620,829,2.0
4705,635,1.0
3500,700,1.0
3600,1100,2.0
3500,530,1.0
4450,666,0.0
3850,800,2.0
3600,663,1.0
4637,633,1.0
1995,600,1.0
2995,750,1.0
2500,400,0.0
2150,700,2.0
6700,1292,2.0
4100,900,2.0
3810,708,1.0
8550,1318,2.0
3850,840,1.0
2750,650,0.0
1995,825,1.0
3800,900,2.0
4300,766,1.0
3095,1100,2.0
5500,1100,1.0
4000,673,1.0
5000,785,2.0
10200,1881,1.0
3195,785,2.0
4600,900,1.0
1850,560,0.0
3300,642,1.0
5995,855,1.0
7100,1200,2.0
6950,1150,2.0
3195,600,0.0
8750,1875,2.0
1995,625,1.0
5300,1200,3.0
4400,1070,2.0
1975,595,1.0
5000,1013,2.0
7995,1279,2.0
3400,760,1.0
6995,1677,3.0
6850,3000,3.0
12500,2133,3.0
3675,702,1.0
9075,1800,2.0
4370,822,1.0
4000,766,1.0
6200,1325,2.0
3490,610,1.0
3885,837,1.0
3260,576,0.0
6750,1267,2.0
11995,1951,3.0
2995,500,0.0
3910,709,1.0
3800,1100,2.0
10650,1372,2.0
6800,1100,2.0
7350,1100,2.0
5250,915,1.0
2700,700,1.0
2495,650,0.0
5400,1000,1.0
8000,1152,2.0
7900,1286,2.0
3625,650,1.0
5500,835,1.0
7500,1025,2.0
6495,1500,2.0
5972,1420,2.5
15000,2860,5.0
3120,574,1.0
4595,902,1.0
3475,574,1.0
6495,1309,2.0
3480,620,1.0
2250,500,0.0
2000,580,1.0
7995,1000,3.0
4800,1450,3.0
3595,650,1.0
8500,1300,2.0
1750,400,0.0
5500,1180,1.0
3800,800,1.0
5395,747,1.0
6150,2000,3.5
14500,1433,2.0
7895,1629,2.0
3695,671,1.0
4116,586,1.0
3545,650,1.0
4700,800,1.0
4200,768,1.0
2795,1100,2.0
4150,1000,3.0
3400,750,2.0
3200,600,1.0
3287,470,0.0
1600,850,1.0
2500,600,0.0
6900,1250,2.0
4935,685,1.0
3700,666,1.0
13300,1840,3.0
3100,500,1.0
6350,947,1.0
4600,1101,1.0
3500,589,1.0
2400,444,0.0
3553,668,1.0
7995,1200,2.0
2600,550,0.0
3342,618,0.0
18000,2145,3.0
5875,744,1.0
10500,1212,2.0
3495,450,0.0
6200,1500,3.0
9000,1616,3.0
5220,1085,2.0
4006,573,1.0
2945,532,0.0
2250,600,1.0
2100,400,0.0
2670,668,1.0
4748,693,1.0
3395,626,1.0
7500,1200,1.0
3750,666,1.0
7295,1202,3.0
3940,490,0.0
8500,1465,3.0
5995,1200,2.0
2745,342,0.0
7000,1753,1.0
4170,950,2.0
2400,450,0.0
5150,1050,2.0
2495,550,1.0
3405,532,0.0
5400,793,1.0
6995,1700,3.0
5850,1150,2.0
4147,710,2.0
3500,701,1.0
5315,1065,2.0
5250,888,1.0
5000,950,1.0
5900,1650,2.0
7150,1295,2.0
2900,520,1.0
7500,1235,2.0
7500,1092,1.0
4300,850,1.0
3700,511,0.0
2795,900,2.0
2300,550,0.5
3750,699,1.0
3000,450,1.0
2562,273,0.0
3500,766,1.0
9500,2000,3.0
3150,590,1.0
1550,450,1.0
2900,488,1.0
6900,1270,2.0
9500,1722,3.0
13000,1851,3.0
8595,1293,3.0
6750,1500,2.0
9000,2000,3.0
13500,2404,4.0
2800,518,0.0
4895,925,2.0
6245,1080,2.0
6200,1012,2.0
3103,557,0.0
5800,1500,3.0
3300,1100,3.0
5300,997,2.0
4575,728,1.0
9950,1316,2.0
4000,847,2.0
3600,650,1.0
4050,887,2.0
3600,940,2.0
3635,732,1.0
9000,1736,2.0
2600,650,1.0
4995,1100,2.0
2400,508,0.0
5995,947,1.0
5495,1000,2.0
4850,1100,2.0
7000,708,1.0
2500,550,0.0
3500,936,2.0
4500,900,1.0
9500,1815,3.0
9000,1500,2.0
3800,700,1.0
14995,3119,3.0
2395,650,1.0
5225,767,1.0
5700,1200,4.0
5500,1100,2.0
2850,432,0.0
3395,800,1.0
3795,733,1.0
2950,600,1.0
2650,610,0.0
2700,400,0.0
5995,900,2.0
5950,1200,3.0
6200,1200,2.0
5800,1160,3.0
2775,599,0.0
3950,700,1.0
20000,2783,3.0
11000,2095,4.0
5310,1157,2.0
4915,753,1.0
2995,800,2.0
13995,1674,2.0
5500,1300,3.0
3200,650,1.0
3725,629,1.0
5461,1075,2.0
4355,710,2.0
2950,540,1.0
2390,490,0.0
2850,600,1.0
4850,950,2.0
4275,1063,2.0
2100,550,0.0
3500,780,1.0
3220,585,0.0
2500,800,2.0
2650,500,0.0
3100,520,0.0
4400,606,1.0
2100,575,0.5
4200,809,1.0
3350,1086,1.0
3995,870,1.0
4250,721,1.0
3750,599,1.0
3400,669,0.5
3350,620,0.0
2750,600,1.0
4100,763,1.0
5750,1300,2.0
8995,1684,2.0
2950,567,0.0
13000,2100,3.0
6900,1600,4.0
2695,650,1.0
8900,1292,2.0
3497,471,0.0
5995,1069,1.0
10000,1448,2.0
2712,900,3.0
2250,370,0.0
1995,600,0.0
3250,700,1.0
3295,620,0.0
18500,2000,2.0
3200,700,1.0
8500,1394,2.0
3250,770,1.0
2450,550,1.0
3300,800,3.0
5995,1226,3.0
4350,750,1.0
1795,750,1.0
7550,1404,2.0
16950,1464,2.0
2450,500,1.0
3490,850,3.0
3250,900,1.0
2850,580,0.0
4200,650,1.0
5200,733,2.0
3175,497,1.0
3960,652,1.0
3275,450,0.0
6500,1700,2.0
5999,1064,2.0
15000,2100,3.0
3695,650,1.0
7895,1191,2.0
4900,1068,1.0
10500,1920,2.0
13500,2009,2.0
2995,591,1.0
3395,825,2.0
8657,1740,3.0
6100,991,2.0
3800,713,1.0
4500,900,1.0
4999,1050,2.0
2689,453,0.0
6000,1094,1.0
7300,1221,2.0
8200,1565,2.0
3150,700,1.0
2795,550,0.0
4250,788,1.0
3400,831,1.0
5200,1100,2.0
4900,850,2.0
9500,1650,2.0
2995,900,2.0
4500,653,1.0
3200,650,2.0
2200,500,0.0
3850,800,1.0
2700,466,0.0
3895,760,1.0
14000,2000,3.0
2150,500,0.5
2099,800,2.0
4995,600,1.0
4695,900,2.0
14950,1427,2.0
7600,1256,2.0
3800,600,2.0
3450,619,1.0
4900,1005,2.0
4495,1400,2.0
11000,3000,3.0
2600,400,0.0
2600,600,1.0
4550,900,1.5
2695,650,0.0
11000,1602,2.0
10750,1700,3.0
3400,693,1.0
3000,600,0.0
2700,586,1.0
5400,925,1.0
2750,280,0.0
2500,605,1.0
3400,800,1.0
3350,700,1.0
1700,500,1.0
2895,650,1.0
11950,1445,2.0
4600,960,1.0
3800,700,0.0
1997,707,1.0
7499,1256,2.0
3450,632,1.0
12500,1690,2.0
6000,1264,3.0
3000,707,1.0
10500,1797,3.0
7750,1461,2.0
6403,1126,2.0
3500,784,1.0
3545,720,1.0
2100,300,0.0
17000,2205,3.0
5500,1100,2.0
4000,750,1.0
8000,2200,0.0
3900,722,1.0
12500,1600,2.0
3000,782,1.0
3420,645,1.0
2854,594,0.0
2900,520,1.0
9695,1237,2.0
10750,1276,2.0
3905,681,1.0
2450,650,0.0
2000,597,1.0
4177,586,1.0
4800,734,1.0
8100,1353,2.0
4000,700,3.0
11000,2100,4.0
7495,1325,3.0
6000,750,1.0
3000,500,0.0
8200,1600,2.0
2750,560,0.0
5995,1440,2.0
3900,765,1.0
3636,846,1.0
13950,1950,3.0
10000,1534,2.0
2895,506,0.0
4000,670,1.0
3759,745,1.0
4550,747,0.0
6595,1488,2.0
4600,950,1.0
3465,650,1.0
3050,620,1.0
11000,1607,2.0
15000,2259,3.0
8800,1494,2.0
3200,600,1.0
5395,1200,3.0
7800,1700,3.0
19950,2302,4.0
4500,643,1.0
4500,875,2.0
2250,400,0.0
2700,725,2.0
5675,1100,2.0
3500,594,1.0
2800,1008,2.0
2000,500,0.0
4000,807,1.0
3895,693,1.0
3395,530,0.0
13975,1883,3.0
1995,400,0.0
4100,789,1.0
3300,730,1.0
3800,600,1.0
2950,600,1.0
2895,555,0.0
7495,642,1.0
3900,815,1.0
5650,1100,2.0
4200,787,1.0
3725,647,1.0
3600,759,1.0
6995,1236,1.0
2325,425,0.0
3550,751,1.0
3460,692,0.0
2880,472,0.0
4995,999,1.0
1662,300,0.0
2450,450,0.0
3365,536,1.0
2300,511,0.0
10000,2000,3.0
4500,877,2.0
11500,1488,2.0
10000,1721,2.0
3600,825,2.0
2550,459,0.0
6000,1156,2.0
4250,684,1.0
7995,1031,2.0
1950,400,0.0
2900,450,0.0
2595,650,1.0
11000,2353,3.0
6100,1100,2.0
2850,800,2.0
2853,700,1.0
3500,710,1.0
3700,805,1.0
3595,650,1.0
5995,1270,3.0
4510,641,1.0
3150,1000,4.0
2600,450,0.0
6000,1050,2.0
6000,1152,2.0
2550,716,1.0
3360,710,1.0
7895,1800,3.0
2975,570,1.0
3250,833,1.0
3500,770,1.0
3500,824,1.0
3610,564,1.0
5500,1500,3.0
11000,2442,3.0
3200,730,1.0
2100,600,1.0
3650,650,1.0
2550,400,0.0
3250,662,1.0
8900,1589,2.0
2845,493,0.0
5000,850,3.0
3550,735,1.0
4110,722,1.0
11894,1802,3.0
5295,892,2.0
3950,1000,3.0
9500,1305,2.0
5000,1065,2.0
4680,896,1.0
3995,1350,0.0
4000,500,2.0
3550,536,0.0
7600,1168,2.0
5600,1100,2.0
5995,796,1.0
3100,700,0.0
6949,1160,2.0
6000,750,1.0
9000,1000,2.0
3195,525,0.5
3400,750,1.0
2650,470,0.0
2900,475,1.0
3500,745,3.0
4490,675,3.0
2600,404,0.0
5900,1400,2.0
2500,468,0.0
5500,1000,1.0
4095,1000,2.0
3590,626,1.0
6295,1200,2.0
7650,1023,2.0
5035,972,2.0
7600,1380,2.0
3300,885,1.0
2400,695,1.0
2385,800,2.0
3100,800,1.0
6995,1266,3.0
7975,1182,2.0
1525,415,1.0
4725,865,1.0
2750,600,0.0
4400,812,2.0
4000,788,1.0
3500,550,0.0
4100,1312,1.0
1895,700,1.0
2550,420,0.0
2750,600,1.0
3800,632,1.0
2500,1000,2.0
3350,722,1.0
3800,1100,1.0
4500,1200,2.0
2500,400,0.0
3230,583,0.0
4200,650,1.0
3995,1200,2.0
13315,1622,3.0
2975,700,1.0
4300,777,1.0
2245,450,0.0
2895,700,2.0
5195,1029,2.0
5000,1500,3.0
4700,800,1.0
3195,529,0.0
4175,713,1.0
6125,975,2.0
4020,601,1.0
4500,974,2.0
4800,827,2.0
5995,975,1.5
4300,950,1.0
2499,600,0.0
2600,554,0.0
1550,700,1.0
4300,965,1.0
3695,674,1.0
2775,550,0.0
2595,650,1.0
3050,537,0.0
2750,500,0.0
3300,713,0.0
7950,2000,2.0
4120,722,1.0
3800,720,1.0
2950,966,2.0
2835,493,0.0
15000,2010,2.0
3250,775,1.0
7500,1051,3.0
2845,446,0.0
5800,1100,2.0
4855,941,1.0
3805,634,1.0
3150,900,3.0
6900,1413,2.0
4850,845,2.0
2450,575,1.0
4875,796,1.0
9000,1599,2.0
3500,940,1.0
3400,709,1.0
3600,900,2.0
3200,610,1.0
4000,830,1.0
3060,404,0.0
2650,435,0.0
3500,1800,3.0
3577,587,1.0
2755,415,0.0
3525,950,1.0
8500,2100,2.0
3400,625,1.0
12500,1572,2.0
2934,560,0.0
2925,461,0.0
6500,1005,1.0
5400,1095,3.0
3500,675,1.0
4600,800,1.0
3500,785,1.0
2500,700,1.0
1850,650,1.0
2595,650,0.0
3900,575,1.0
3850,748,1.0
3325,640,1.0
11750,1702,2.0
2585,400,0.0
7000,1675,3.0
2995,653,1.0
2895,506,0.0
10000,1548,2.0
3450,800,2.0
18000,2000,4.0
3500,673,1.0
8000,1260,2.0
6200,1033,2.0
3196,500,1.0
5758,1085,2.0
3150,730,1.0
9500,1856,2.0
5500,890,1.0
8500,1287,2.0
2700,521,0.0
2300,600,1.0
4250,875,2.0
5882,1079,2.0
5500,850,1.0
3350,730,1.0
6000,1100,1.0
5750,1070,2.0
2300,500,1.0
3898,1201,1.0
3250,600,1.0
6200,1050,2.0
3700,700,1.0
16500,2013,3.0
3200,1001,2.0
5000,706,1.0
1799,300,0.0
5600,3000,4.0
3800,585,1.0
3250,650,1.0
4500,757,1.0
3850,650,0.5
6800,1200,2.0
2650,650,0.0
3200,603,1.0
5792,935,2.0
6495,1031,2.0
1699,600,1.0
5000,1041,2.0
3795,750,2.0
3700,741,1.0
3400,535,1.0
5250,827,1.0
4040,825,1.0
3700,700,1.0
5350,917,1.0
2695,650,1.0
3150,618,1.0
7795,642,1.0
3600,672,1.0
12300,1646,2.0
15000,1689,2.0
2500,400,0.0
2650,600,0.5
5605,971,2.0
4400,812,1.0
10995,1603,2.0
3450,800,1.5
3675,619,0.0
7495,1600,3.0
3755,688,1.0
3600,526,0.0
5000,1157,2.0
3995,424,0.0
11000,1297,2.0
3600,770,1.0
15000,1800,3.0
3950,866,1.0
6300,992,1.0
4100,646,1.0
3000,750,1.0
14500,2283,4.0
5450,1227,2.0
4900,568,2.0
9000,1578,2.0
3513,431,0.0
8195,1600,3.0
3275,640,1.0
4400,778,1.0
4405,679,1.0
3200,585,1.0
4700,747,1.0
7000,1068,1.0
8250,1322,2.0
4700,915,2.0
2300,850,2.0
2300,750,2.0
2600,517,0.0
11750,1706,2.0
2950,700,1.0
7495,1641,3.0
3350,721,0.0
6600,1342,2.0
5425,1104,2.0
3400,1164,1.0
3299,470,0.0
3650,698,0.0
3134,431,0.0
2750,850,2.0
3000,600,1.0
2300,400,0.0
4850,754,1.0
4900,1200,1.0
19000,1728,2.0
2300,883,1.0
1949,400,0.0
2850,700,2.0
3800,516,0.0
2950,775,1.0
2300,350,0.0
4800,1053,2.0
3742,624,1.0
2900,497,0.0
4000,587,1.0
4195,632,1.0
3995,900,2.0
4405,586,1.0
3295,670,0.0
3345,750,2.0
4495,920,2.0
4995,1181,2.0
11750,1621,2.0
2269,775,1.0
3675,850,1.0
4900,870,1.0
2695,550,1.0
4600,1012,2.0
4600,832,1.0
4000,450,1.0
1700,450,0.0
3200,875,2.0
3800,768,1.0
3800,525,0.0
7995,1286,2.0
3500,670,1.0
12495,2084,3.0
8800,1265,2.0
2995,800,1.0
5850,887,2.0
3500,1000,2.0
9500,1305,2.0
11225,3500,3.5
5950,1240,2.0
4072,616,1.0
3295,578,1.0
2950,525,0.0
7500,1454,2.0
4955,984,2.0
4135,657,1.0
2995,980,3.0
4000,850,1.0
2000,350,0.0
7145,1321,1.0
3900,550,0.0
5714,1085,2.0
3190,600,1.0
1600,400,1.0
3530,692,1.0
3600,900,2.0
3095,700,1.0
2600,600,0.5
3000,530,0.0
5495,1180,2.0
4325,600,1.0
2450,749,2.0
2400,550,0.0
7295,1300,4.0
3895,570,1.0
3700,766,1.0
5675,712,1.0
3450,536,1.0
2550,414,0.0
8000,972,2.0
7100,1400,2.0
3635,680,1.0
12500,1510,2.0
14000,1934,3.0
8200,1410,2.0
10500,1228,2.0
3625,550,0.0
5000,820,1.0
3975,775,1.0
5400,1074,2.0
2095,475,0.0
4700,1000,2.0
3786,833,1.0
7500,1214,2.0
4000,750,1.0
3850,800,1.0
3785,550,1.0
3100,629,1.0
6150,1368,2.0
7500,1168,2.0
2255,408,0.0
3000,500,2.0
3570,660,1.0
3425,800,1.0
3600,549,1.0
7800,1438,2.0
4425,776,1.0
2500,418,0.0
5600,793,1.0
5330,729,1.0
1750,550,1.0
4995,815,1.0
10750,1358,2.0
3600,610,1.0
3200,1000,2.0
4270,657,1.0
2500,550,1.0
3900,721,1.0
2764,473,0.0
3100,764,1.0
7000,1224,1.0
6200,689,1.0
2500,600,1.0
10000,1300,1.0
1500,400,0.0
2650,439,0.0
7095,1500,3.0
3950,525,1.0
4500,885,1.0
6750,1255,2.0
4250,800,3.0
2395,525,0.0
3525,448,0.0
2700,408,0.0
3800,880,1.0
8599,1518,2.0
3200,800,1.0
3295,665,1.0
2300,500,0.0
4895,767,1.0
7500,750,1.0
3473,464,0.0
2800,542,0.0
7800,1900,3.0
3400,667,1.0
7900,860,1.0
3850,853,2.0
11500,1200,2.0
2495,650,1.0
2500,672,1.0
7675,1207,2.0
4800,800,1.0
4000,700,3.0
4595,1037,1.0
8800,1517,3.0
3600,621,1.0
4895,948,2.0
14000,1828,2.0
3000,600,1.0
3000,700,2.0
3500,900,0.0
3045,800,2.0
5300,925,1.0
1695,250,0.0
4041,829,2.0
8300,2200,3.0
3140,521,0.0
6756,1082,2.0
1499,343,0.0
5495,900,1.0
3200,515,0.0
2650,500,2.0
5700,860,1.0
3300,885,1.0
10900,1825,3.0
2675,550,1.0
14000,1512,2.0
5500,1105,2.0
2800,525,2.0
2300,535,1.0
5900,1048,1.0
15000,1784,2.0
3300,673,1.0
7950,1321,1.0
11000,2100,4.0
2675,624,1.0
4500,669,1.0
2600,650,1.0
2400,875,1.0
3380,594,1.0
5495,820,1.0
9100,1565,2.0
4800,1001,1.0
2595,500,0.0
3750,667,1.0
3100,700,2.0
5995,1065,2.0
3615,661,1.0
3100,1000,2.0
2395,463,0.0
1950,400,0.0
10000,1404,2.0
3555,411,0.0
5995,1380,2.0
5100,875,1.0
20000,2376,3.0
2350,925,2.0
8000,1100,4.0
7750,1342,2.0
18900,2617,4.0
10995,2100,4.0
3300,596,1.0
3995,872,1.0
11900,2039,2.0
4175,885,1.0
3100,594,1.0
6100,912,1.0
1600,550,0.0
7200,1500,2.0
2750,400,0.0
3650,750,1.0
5795,940,2.0
2350,400,0.0
3425,681,1.0
13500,1802,3.0
6650,1117,2.0
7500,942,1.0
4584,994,2.0
10000,1850,3.0
10950,1700,3.0
18000,3500,3.0
5650,1200,4.0
3150,694,1.0
11800,1681,3.0
4800,1100,1.0
2400,550,0.0
4650,704,1.0
2800,544,0.0
5000,1200,4.0
6495,1600,2.0
2760,412,0.0
6750,1456,2.0
1650,300,0.0
4180,973,1.0
6750,1160,3.0
3840,618,1.0
3800,670,1.0
3500,700,1.0
5995,1372,2.0
7090,1439,3.0
7500,1550,3.0
3100,500,0.0
3350,638,1.0
2695,480,0.0
2500,400,0.0
3200,850,2.0
3395,800,2.0
3700,704,1.0
3595,700,0.0
4320,704,1.0
11000,1576,2.0
3950,750,1.0
3200,900,2.0
3800,600,1.0
2600,700,2.0
1625,550,1.0
3310,617,1.0
2650,590,1.0
2450,1400,2.0
4300,520,1.0
5700,1250,3.0
15000,3000,3.0
2000,632,1.0
9999,2760,4.0
2100,500,0.0
3800,850,2.0
16000,1729,2.0
3500,675,2.0
9500,1430,2.0
2800,432,1.0
2000,500,1.0
15500,2000,3.0
5460,1109,2.0
3800,633,1.0
3250,500,0.0
3995,1000,2.0
3900,700,1.0
3375,600,0.0
3750,657,1.0
6600,1190,2.0
3300,606,2.0
4395,788,1.0
2700,511,0.0
6700,1250,2.0
3800,680,1.0
4685,664,1.0
3410,850,1.0
3500,681,1.0
4250,1021,1.0
4895,910,2.0
2900,497,0.0
3300,1000,4.0
3495,640,1.0
3170,574,0.0
3400,800,2.0
2150,500,0.0
11995,2132,4.0
3200,561,0.0
2200,850,2.0
3500,665,0.0
2300,500,0.0
5200,850,1.0
2595,750,2.0
5200,1060,1.0
4262,739,1.0
2975,650,1.0
2700,550,1.0
3620,660,1.0
2795,1000,2.0
2100,700,2.0
2950,737,1.0
2700,750,1.0
15000,1700,3.0
1995,400,0.0
5000,747,1.0
1790,550,0.0
2900,400,0.0
2950,520,0.0
11500,1590,2.0
3900,723,1.0
5075,717,1.0
3050,497,0.0
3000,550,1.0
7000,2000,2.0
3700,845,1.0
5200,850,1.0
6080,1140,2.0
6895,1200,1.0
2550,700,1.0
6295,1200,4.0
4200,1000,2.0
2377,720,1.0
3300,730,1.0
4134,831,1.0
10000,1721,2.0
2992,950,2.0
4800,800,2.0
4700,749,0.0
6500,1200,2.0
3750,684,1.0
2200,400,0.0
3750,642,1.0
3375,620,1.0
2895,540,0.0
8000,1940,2.0
6853,1127,2.0
2290,342,0.0
5200,850,2.0
5000,664,1.0
6000,1200,3.0
4595,850,3.0
6495,950,2.0
3387,750,1.0
3400,800,3.0
3475,585,1.0
4245,641,1.0
16750,2207,3.0
3800,700,1.0
2900,425,0.0
2550,355,0.5
4900,1011,1.0
6935,1098,2.0
4650,677,1.0
3900,606,1.0
5515,1028,2.0
3460,538,0.0
6000,1200,3.0
2995,439,0.0
3000,600,2.0
5380,850,1.0
4564,607,1.0
2200,400,0.0
8095,1241,2.0
3500,560,0.0
6996,1104,1.0
3600,685,1.0
14200,1947,3.0
4050,594,1.0
4750,850,2.0
12500,2539,2.0
7700,1165,2.0
18000,1850,3.0
11000,1285,2.0
2700,600,1.0
2595,550,2.0
3500,704,1.0
4995,1260,2.0
3900,1054,2.0
2500,600,1.0
3750,685,1.0
11000,1800,3.0
2800,630,1.0
3778,943,0.0
3345,665,1.0
3900,650,1.0
4600,1100,4.0
6500,1162,2.0
3100,704,1.0
5827,1385,2.0
4300,931,1.0
2600,448,0.0
3705,809,1.0
2500,480,0.0
3650,850,2.0
8995,868,2.0
10000,2010,2.0
3800,986,0.0
3250,700,1.0
6113,1004,2.0
3500,800,2.0
4000,740,1.0
6495,950,2.0
2995,999,1.0
3250,727,1.0
7500,1343,2.0
2095,700,1.0
5900,986,1.0
6400,1293,2.0
8650,1860,4.0
4600,1045,1.0
2000,600,1.0
3795,1110,3.0
4745,863,0.0
3910,623,1.0
4335,542,1.0
18000,2505,4.0
2795,442,0.0
13500,1287,1.0
3495,400,0.0
3200,700,1.0
3000,450,0.0
2935,506,0.0
3985,1187,3.0
6650,949,2.0
6100,850,2.0
4375,750,1.0
11000,2360,3.0
3500,686,1.0
3230,483,0.0
5900,888,0.0
11000,1819,2.0
1300,275,0.0
10900,1508,2.0
9785,1638,2.5
16500,2075,2.0
5505,1139,2.0
3140,522,0.0
3550,645,1.0
7125,1021,2.0
4412,668,1.0
2500,650,1.0
2200,575,0.0
3450,625,0.0
3800,750,2.0
5295,700,1.0
3990,880,2.0
10500,1940,3.0
3500,650,2.0
2500,400,0.0
3100,610,1.0
2550,400,0.0
14975,2150,3.0
2590,750,2.0
2450,590,0.0
6500,1100,2.0
4290,732,1.0
4100,1217,2.0
3400,721,1.0
2800,650,1.0
3375,496,0.0
9500,1600,3.0
3950,746,1.0
5295,590,1.0
12500,1600,3.0
3650,650,1.0
15000,2115,3.0
4100,850,2.0
4500,698,0.0
5100,750,1.0
6750,1387,2.0
4500,861,2.0
6000,2200,4.0
4650,1200,2.0
4500,778,1.0
6495,1080,2.0
3775,682,1.0
4650,1100,2.0
6250,1341,2.0
5250,973,1.0
5900,861,0.0
3800,684,1.0
3495,712,1.0
4825,710,1.0
6000,1200,3.0
7004,1331,2.0
12900,3000,2.0
5000,635,1.0
7995,1372,2.0
4000,893,1.0
1450,500,0.0
4000,890,1.0
3100,600,1.0
2670,600,0.0
4500,1200,2.0
11495,2038,3.0
4040,630,1.0
2350,500,0.0
4400,800,1.0
3645,681,1.0
16000,1550,2.5
5200,1100,2.0
3000,550,0.0
4660,744,1.0
18500,1957,3.0
10000,2042,4.0
6000,982,1.0
5900,1198,2.0
2353,550,0.0
4181,586,1.0
3461,788,1.0
3600,800,2.0
3450,661,0.0
3500,800,1.0
3295,900,2.0
6600,1295,2.0
8000,1481,3.0
3595,625,1.0
2900,419,0.0
11400,1607,3.0
17990,1715,2.0
2595,305,0.0
6350,1126,3.0
2500,599,1.0
5400,1500,3.0
7700,1309,2.0
6200,1210,2.0
8795,1200,2.0
3575,650,1.0
2150,400,1.0
7500,1450,2.0
3450,746,1.0
3200,520,0.0
6075,1035,2.0
4232,556,1.0
3250,600,1.0
3670,687,1.0
5500,1100,1.0
2675,445,0.0
5650,850,1.0
3500,600,1.0
16500,2700,4.0
2750,480,1.0
8995,1537,2.0
4569,920,1.0
4870,1038,2.0
3500,950,1.0
3275,708,1.0
14500,2070,4.0
2600,700,1.0
3000,500,0.0
3795,600,1.0
7495,1209,2.0
4700,1300,2.0
3610,525,0.0
7895,1100,2.0
5510,839,1.0
4995,840,1.0
2400,400,0.0
4400,767,1.0
2850,488,1.0
3350,700,2.0
14000,1948,3.0
2200,575,2.0
2500,395,0.0
2750,400,1.0
3600,763,1.0
2300,443,1.0
2850,750,1.0
5897,962,2.0
3125,612,1.0
4010,709,1.0
1775,550,1.0
1795,400,1.0
3700,808,1.0
3195,800,2.0
3795,766,0.0
1799,400,0.0
6600,1166,3.0
9300,1342,2.0
3540,604,1.0
8400,1300,2.0
2199,500,1.0
2995,350,1.0
2450,550,0.5
3450,639,1.0
4995,785,1.0
2849,436,0.0
6830,950,1.0
9250,1600,3.0
2999,900,1.0
3750,761,2.0
4695,950,1.0
5250,1170,2.0
2995,616,1.0
7675,1302,3.0
12500,1771,4.0
4500,900,2.0
4850,700,1.0
4100,550,2.0
4000,800,1.0
2540,450,0.0
3300,725,1.0
3295,1086,1.0
14750,2311,3.0
4550,662,1.0
3325,1200,1.0
16000,1729,2.0
3300,1371,2.0
2635,852,2.0
7500,1225,2.0
5950,900,1.0
6250,1230,2.0
2550,400,0.0
4750,991,2.0
6815,1209,2.0
5550,813,1.0
2500,418,0.0
4300,1000,2.0
5195,1100,3.0
3795,900,2.0
4550,800,1.0
3286,618,0.0
3195,750,1.0
12500,1762,3.0
3645,666,1.0
3650,1000,0.0
17000,3500,5.0
6900,1194,3.0
3600,1100,3.0
4800,1200,2.0
3230,534,0.0
3450,450,0.0
4700,1150,3.0
3300,700,1.0
3194,470,0.0
3950,642,1.0
2150,700,1.0
3700,795,1.0
7550,1150,2.0
3235,532,0.0
3895,900,2.0
4500,760,1.0
2599,500,0.0
12000,1769,2.5
3040,473,0.0
3922,779,1.0
5200,700,1.0
7500,860,1.0
3995,712,1.0
4095,595,1.0
2700,424,0.0
2850,600,1.0
5200,900,1.0
3850,676,1.0
5695,1350,2.0
4795,700,1.0
6225,1207,2.0
3700,850,1.0
3595,775,1.0
2900,800,2.0
6100,1035,2.0
2700,531,0.0
6000,948,1.0
3250,585,1.0
10500,1587,3.0
14700,1622,3.0
4850,948,2.0
2100,467,0.0
3197,468,0.0
17495,2800,4.0
4600,1500,4.0
10250,1400,2.0
3950,649,1.0
6800,1040,3.0
17500,3200,4.0
3300,725,1.0
7995,1531,2.0
3600,700,1.0
3400,750,1.0
6900,1097,1.0
5830,1097,2.0
3400,429,0.0
4800,900,2.0
2700,625,2.0
2395,550,0.0
5400,722,1.0
8900,1700,2.0
3400,900,2.0
7505,1447,2.0
3000,636,0.5
6000,1198,2.0
5150,977,1.0
2250,600,1.0
3395,600,1.0
3300,500,1.0
2495,435,0.0
4500,1400,3.0
4250,1250,2.0
10000,2900,3.0
5850,1144,2.0
3221,597,0.0
19000,1441,2.0
4000,1000,2.0
4600,799,1.0
3750,920,1.0
2750,549,1.0
3195,520,0.0
1895,500,0.0
3550,569,0.0
4500,704,1.0
8000,972,2.0
3200,557,0.0
2995,375,0.0
5650,1077,2.0
6450,1216,2.0
12500,2600,1.0
3450,662,1.0
3600,825,1.0
4040,953,1.0
3895,828,1.0
2500,600,1.0
6600,1207,2.0
2275,550,0.0
2400,450,0.0
4500,886,1.0
3150,500,1.0
2995,750,1.0
6050,1200,3.0
5400,2000,2.0
6800,1284,2.0
5244,888,2.0
7700,1164,3.0
5995,968,2.0
6795,1400,2.0
3190,785,1.0
3800,446,0.0
4302,510,1.0
15000,2200,4.0
4000,800,1.0
2800,700,2.0
5190,972,2.0
3250,500,0.0
3990,684,1.0
2950,500,1.0
2699,800,1.0
8000,1100,2.0
20000,2500,3.0
5200,1400,2.0
3450,800,1.0
5995,950,2.0
2700,600,0.0
3900,667,1.0
12995,1672,2.0
4995,1050,2.0
5700,1400,3.0
2790,487,0.0
3200,725,2.0
8975,1600,3.0
6200,958,1.0
2700,417,0.0
4250,759,1.0
2800,570,0.0
2100,550,0.0
3195,1700,3.0
6500,1150,2.0
2995,500,0.0
4850,675,1.0
1395,500,1.0
6600,1550,2.0
6250,1800,3.0
13750,1683,3.0
2870,585,0.0
13500,1612,2.0
12000,1949,3.0
8000,1100,2.0
6000,1200,1.0
7900,1324,2.0
4800,1100,2.0
3810,707,1.0
4500,500,0.0
4500,900,2.0
3125,627,0.0
2150,500,0.0
4000,868,1.0
2350,400,0.0
2495,450,0.0
3410,788,1.0
4665,941,1.0
3900,682,1.0
5735,1115,2.0
2385,800,2.0
10500,1625,2.0
3055,578,0.0
3000,640,0.0
4865,729,1.0
4500,1100,1.0
3000,573,0.0
4395,800,1.0
3400,760,1.0
2700,750,1.0
4700,708,1.0
3600,768,1.0
3500,750,1.0
3975,741,1.0
3525,633,1.0
1900,650,1.0
6150,1126,3.0
4395,1000,2.0
3345,1500,3.0
4695,800,3.0
3500,707,1.0
5995,1500,2.0
5400,714,1.0
2670,265,0.0
5850,1100,1.0
5800,1031,2.0
16500,1766,2.0
7115,1413,2.0
11500,2200,3.0
2695,375,0.0
3430,900,1.0
3695,785,1.0
2700,525,0.0
6700,1355,3.0
2910,800,1.0
1875,450,0.0
2925,580,0.0
9200,1500,2.0
2600,600,1.0
8150,860,1.0
3365,614,1.0
2750,1236,1.0
3250,722,1.0
2950,600,0.0
4500,850,1.0
4375,693,1.0
6995,1446,2.0
3500,700,1.0
2500,550,0.0
4995,850,1.0
6995,1350,2.0
6800,800,1.0
4950,810,1.0
3800,700,2.0
4273,723,1.0
10000,1770,3.0
2825,505,0.0
2575,600,1.0
7865,1421,3.0
3210,576,0.0
3150,700,1.0
8400,1447,2.0
3300,900,2.0
5295,1015,2.0
6995,1000,1.0
12000,2300,2.0
2600,525,0.0
6200,1500,4.0
3895,474,0.0
2695,750,1.0
2695,440,0.0
3195,625,1.0
12500,1994,2.0
3150,730,1.0
3800,700,1.0
10400,1260,2.0
5454,1200,2.0
3400,795,1.0
3395,775,1.0
3525,642,1.0
2295,585,1.0
2600,513,0.0
4700,1000,2.0
3350,667,1.0
7350,1090,2.0
3100,750,1.0
6840,1285,3.0
7300,1333,2.0
2700,700,1.0
3495,1000,2.0
7800,1425,3.0
2750,500,0.0
16900,1599,2.0
5975,1224,2.0
6115,1030,2.0
6045,747,1.0
3020,1774,3.0
2895,495,0.0
3500,615,0.0
10000,1508,2.0
1500,639,0.0
6900,980,1.0
3800,650,1.0
5100,1012,2.0
15000,2300,3.0
3195,800,2.0
12495,1847,3.0
8995,1600,2.0
3250,726,0.0
4360,704,1.0
3095,520,0.0
2995,600,1.0
3650,700,1.0
2900,549,0.0
4000,750,1.0
4047,659,1.0
4200,950,1.0
18000,2316,3.0
3595,1068,2.0
14950,2200,3.0
8500,1322,2.0
5000,1200,3.0
10905,1400,3.0
3695,520,1.0
4355,821,1.0
14900,1600,2.0
5050,885,0.0
3395,700,1.0
5500,1200,2.0
3088,565,0.0
7500,1287,2.0
3775,660,1.0
4500,1052,1.0
8100,1565,2.0
3276,557,0.0
2650,600,0.5
1995,475,1.0
13250,1576,2.0
3225,684,1.0
6900,1000,1.0
7500,1700,2.0
3650,800,1.0
13800,1410,2.0
3200,515,0.0
2630,529,0.0
2245,600,0.0
2450,650,1.0
3500,840,1.0
4300,650,1.0
2550,550,1.0
3095,570,0.0
3600,629,1.0
2700,550,1.0
7246,1080,2.0
2400,500,0.0
2250,400,0.0
2800,600,2.0
2390,505,0.0
3300,615,0.0
7950,1487,2.0
2700,575,0.0
7556,1967,3.0
7995,868,2.0
4175,707,1.0
7250,1127,2.0
2375,600,1.0
5500,1078,2.0
7550,1510,2.0
2850,579,0.0
4300,896,2.0
5275,688,1.0
1900,300,0.0
3795,862,1.0
4795,1000,3.0
5000,836,1.0
5758,1079,2.0
6300,1000,1.0
2495,500,0.0
3795,688,1.0
4995,1779,2.0
6115,1033,2.0
2365,400,0.0
5020,962,2.0
5651,1022,2.0
7700,1400,3.0
3575,591,1.0
4600,1100,2.0
3700,892,1.0
7450,1000,2.0
4625,750,1.0
4725,715,1.0
3162,812,1.0
3000,894,1.0
4720,691,1.0
4700,651,1.0
11000,2127,4.0
2500,550,0.0
3495,750,1.0
3990,700,1.0
4200,650,1.0
2000,850,1.0
3600,650,0.0
7000,1329,2.0
6000,1100,1.0
2850,600,1.0
7800,1800,2.0
10000,1935,3.0
4300,832,1.0
15750,2500,4.0
12500,1866,3.0
5000,631,1.0
2100,400,0.0
2900,724,1.0
2895,355,0.0
3450,828,1.0
9400,2010,3.0
1950,600,1.0
2050,400,1.0
3500,756,2.0
3100,600,0.0
7995,1200,2.0
3800,750,1.0
4269,1013,2.0
3100,1000,2.0
2850,600,0.0
4895,1000,2.0
3600,800,1.0
3100,597,0.0
3300,800,1.0
2900,550,0.0
3575,685,1.0
3300,753,1.0
2600,620,0.0
6995,1265,3.0
5400,910,1.0
8500,1650,3.0
2725,600,0.0
5000,860,1.0
9900,1557,2.0
1950,500,0.0
3200,615,1.0
7100,1250,1.0
3450,747,1.0
7000,936,1.0
4300,760,1.0
3995,900,1.5
6189,963,2.0
2750,800,2.0
3295,540,0.0
3665,850,2.0
5600,900,1.0
11500,2218,3.0
3700,434,0.0
11500,1600,3.0
4000,670,1.0
3100,1000,2.0
4500,850,1.0
3200,735,1.0
10000,1251,2.0
6850,1200,2.0
2650,521,0.0
3850,650,1.0
12500,2124,3.0
2650,403,0.0
3300,641,1.0
2950,526,0.0
3480,1227,2.0
4167,726,1.0
4550,1300,2.0
15000,2245,3.0
3050,590,0.0
3600,650,1.0
4300,611,0.0
2763,487,0.0
5250,1198,2.0
4500,786,1.0
7999,1911,2.0
4442,558,1.0
8000,1238,1.0
4700,1002,2.0
7250,758,1.0
9500,1698,3.0
1925,425,0.0
9167,1488,2.0
2500,500,0.0
3195,615,1.0
3350,562,0.0
3995,924,1.0
3999,500,1.0
3950,805,1.0
5695,1000,2.0
3820,665,1.0
3753,523,0.0
2795,750,2.0
3600,764,1.0
2695,575,1.0
7425,1038,1.0
4250,850,1.0
9900,1685,3.0
4400,1000,1.5
2650,780,1.0
6295,1300,2.0
14995,2041,2.0
12000,2468,4.0
2800,600,1.0
5300,1001,2.0
2965,412,0.0
6500,646,1.0
3000,700,0.0
4250,890,1.0
4600,850,1.0
3300,950,2.0
3375,800,2.0
3499,650,1.0
9750,1518,2.0
2625,520,0.0
5400,811,1.0
6900,1175,2.0
2700,575,1.0
4745,719,1.0
2595,650,1.0
4750,825,2.0
3775,800,1.0
5000,895,1.0
3808,446,0.0
5200,1012,3.0
6100,991,1.0
3500,800,1.0
7750,1400,2.0
3850,745,1.0
6650,1040,3.0
3300,850,1.0
5600,982,1.0
3300,750,1.0
2800,516,0.0
6000,1265,2.0
2700,605,1.0
6250,917,1.0
2895,600,1.0
4500,1000,2.0
13000,1549,2.0
5500,1100,2.0
3750,950,1.0
15000,2300,4.0
4150,800,1.0
2750,417,0.0
3140,612,1.0
4500,800,2.0
4700,1000,1.0
2775,499,0.0
3100,549,0.0
5740,1115,2.0
4295,670,1.0
3360,624,1.0
4200,772,1.0
2595,430,0.5
2400,575,1.0
4300,875,1.0
6040,747,1.0
9900,1164,2.0
2800,650,1.0
6995,550,1.0
4450,905,3.0
6700,1040,3.0
11500,2744,3.0
18000,2352,3.0
7900,1437,2.0
3500,900,1.0
2395,400,0.0
3970,577,1.0
3133,676,1.0
2600,650,0.0
2975,700,1.0
12000,2700,1.0
6018,1260,2.0
2650,408,0.0
2680,600,1.0
2995,600,1.0
8000,1500,2.0
3200,950,2.0
1425,350,0.0
16000,2184,3.0
3800,620,1.0
6000,951,2.0
4900,792,3.0
3200,712,1.0
3525,777,2.0
3650,489,0.0
13000,1698,3.0
3770,478,0.0
2695,440,0.0
17000,2200,3.0
5495,1000,2.0
3215,554,1.0
3355,602,1.0
8800,1685,3.0
6179,1004,2.0
3460,653,1.0
2400,500,1.0
4250,732,1.0
2625,396,0.5
3950,500,0.0
3011,550,1.0
5000,706,1.0
3700,760,1.0
2790,700,1.0
6873,1231,2.0
8500,1250,2.0
7650,1266,2.0
2600,950,2.0
3450,550,0.0
4400,1035,2.0
2900,556,0.0
3700,973,2.0
3500,705,1.0
2900,497,0.0
1925,300,0.0
4500,959,1.0
4745,808,1.0
3700,700,1.0
2700,800,2.0
3399,655,1.0
6950,1273,2.0
4362,616,1.0
3300,793,2.0
2050,550,1.0
5200,2700,4.0
4000,700,2.0
13900,1980,3.0
4300,895,1.0
3340,650,1.0
3655,586,1.0
2295,670,1.0
3500,700,1.0
5950,967,1.0
3650,548,0.0
4344,586,1.0
2800,600,1.0
3495,700,1.0
2700,650,1.0
5000,620,1.0
8500,1377,2.0
2100,505,1.0
6000,1166,2.0
4200,601,1.0
6395,1000,2.0
3250,650,0.0
4027,592,1.0
2850,700,2.0
8500,1215,2.0
4260,664,1.0
4009,650,1.0
6150,1500,2.0
3850,655,1.0
4500,768,1.0
4990,697,1.0
5500,1467,1.0
9000,1450,1.0
3800,448,0.0
10000,1612,3.0
3350,1300,3.0
2500,600,0.5
4055,804,1.0
3400,850,1.0
1925,650,1.0
7500,1400,2.0
2100,408,0.0
4965,688,1.0
3050,600,0.0
10900,1589,2.0
2950,550,1.0
3150,545,0.0
1450,450,0.0
2395,390,0.0
4450,1122,1.0
4850,936,1.0
3662,643,1.0
8995,1553,1.0
3399,895,2.0
15000,2000,3.0
4000,783,1.0
4200,750,1.0
3500,768,1.0
2500,900,2.0
2550,481,0.0
4965,814,1.0
2550,475,0.0
6520,1286,2.0
4650,781,1.0
6850,1404,2.0
3400,602,1.0
2050,450,0.0
2350,425,0.0
16000,2408,3.0
3428,595,1.0
17900,3680,3.0
9150,1410,2.0
4020,750,1.0
1895,725,1.0
4330,664,1.0
4430,884,1.0
4930,582,1.0
6250,976,2.0
1850,520,2.0
3950,600,0.0
2850,450,0.0
5000,779,1.0
6995,1000,1.0
8500,1242,2.0
2700,850,2.0
3195,506,0.0
6400,756,1.0
2900,750,1.0
4000,725,1.0
8760,1386,2.0
3720,818,0.0
5995,1206,2.0
9450,3000,4.0
7500,1236,2.0
5700,693,1.0
3500,717,1.0
8750,1339,2.0
20000,2400,3.0
4850,1400,3.0
16995,2153,3.0
2700,937,2.0
4625,915,2.0
4995,927,2.0
7011,1293,2.0
3950,841,1.0
4200,775,3.0
4299,925,2.0
12195,1789,3.0
5995,950,2.0
3095,750,1.0
6350,1126,3.0
3950,667,1.0
2500,550,1.0
8950,2002,2.0
2595,600,2.0
1700,780,1.0
2495,484,0.0
4595,750,1.0
3589,964,1.0
3250,700,1.0
5995,1100,1.0
7509,1109,2.0
3200,541,0.0
4390,885,1.0
4525,900,3.0
8300,1400,3.0
2295,450,0.0
4640,846,2.0
7285,1350,2.0
4575,730,1.0
6995,1306,2.0
2295,800,2.0
8995,1400,3.0
3300,833,1.0
3100,510,0.0
3800,698,0.0
13500,1980,2.0
3800,655,1.0
4650,787,1.0
4975,1040,2.0
3650,750,1.0
5250,1052,1.0
3650,650,1.0
3800,800,1.0
5999,1500,2.0
5740,1147,2.0
3200,601,1.0
18000,2712,4.0
3125,744,1.0
3988,630,1.0
5495,1060,1.0
3200,753,1.0
5500,1175,2.0
9150,1266,2.0
3995,890,2.0
7000,1158,3.0
8000,1075,2.0
7900,1187,2.0
2750,626,0.0
3225,603,1.0
6350,1364,2.0
4500,840,1.0
9500,1800,3.0
8980,1257,2.0
6250,1100,2.0
5555,939,2.0
5500,1200,2.0
3760,884,1.0
4200,391,1.0
7500,1326,3.0
3850,847,1.0
4300,606,1.0
3900,713,1.0
1900,700,1.0
3399,750,2.0
4195,670,1.0
5400,840,1.0
8950,1429,2.0
13950,1452,2.0
2500,600,1.0
9201,1166,3.0
4145,814,1.0
10500,1926,3.0
4925,727,1.0
1950,450,0.0
6500,971,0.0
2392,749,2.0
3213,438,0.0
6246,1276,3.0
4350,733,1.0
3181,533,0.0
3800,688,1.0
9500,1256,2.0
16500,2064,3.0
10000,1600,2.0
3800,646,1.0
8200,1220,2.0
2850,565,1.0
3950,900,2.0
3750,686,0.0
3920,475,0.0
2850,480,1.0
10500,1510,2.0
3670,659,1.0
14000,1672,3.0
12750,1690,2.0
9855,2000,3.0
6995,1260,1.0
1750,600,1.0
2350,357,0.0
3000,400,0.0
4800,900,2.0
3995,750,1.0
3700,700,1.0
4750,909,2.0
5900,1351,1.5
2870,465,1.0
2450,380,0.0
2300,779,0.0
4523,975,2.0
2850,618,0.5
10000,1630,2.0
20000,2870,4.0
19950,2366,3.0
7850,1070,2.0
5000,1400,4.0
4110,759,1.0
9995,1444,2.0
4381,573,1.0
3195,800,2.0
4500,1165,1.0
2625,575,1.0
3500,607,0.0
11250,1400,2.0
4995,1500,3.0
2500,800,2.0
2990,575,0.0
3300,625,1.0
6795,1500,3.0
13500,1992,4.0
9995,1491,2.0
4130,945,2.0
3300,585,1.0
17250,2200,3.0
2800,550,1.0
4300,844,2.0
5300,960,2.0
7650,1100,1.0
3700,650,1.0
1950,325,0.0
5995,960,0.0
3950,1061,2.0
3750,702,1.0
13000,1549,2.0
1850,390,1.0
4200,1200,2.0
3950,750,1.0
4885,853,1.0
3799,800,1.0
5995,1160,2.0
6000,1150,2.0
6500,915,1.0
11500,2321,5.0
8000,2000,2.0
3060,602,0.0
4205,532,1.0
7000,1600,1.0
2895,506,0.0
6795,1500,3.0
6300,1430,2.0
2500,400,0.0
2996,794,1.0
3712,1201,1.0
4200,1150,2.0
2895,506,0.0
6800,1100,2.0
5500,1100,2.0
3600,650,1.0
5195,1100,2.0
2450,450,0.0
5900,1069,1.0
2995,650,1.0
3200,900,1.0
5500,808,1.0
1425,400,0.0
8035,1369,2.0
4795,704,1.0
3230,483,0.0
5350,1062,2.0
3500,800,1.0
3060,469,0.0
3050,531,1.0
1800,670,1.0
5995,718,1.0
8000,1212,2.0
6900,1314,2.0
9600,1547,2.0
9162,1665,2.0
5995,1900,3.0
4000,900,1.0
3300,645,1.0
2850,550,0.0
3550,1150,2.0
6900,1600,4.0
5493,1200,2.0
3725,559,0.0
7950,1100,1.0
3895,1000,2.0
3800,659,0.0
8500,1238,2.0
15000,2300,3.0
4500,750,1.0
3695,754,1.0
3500,725,1.0
5500,835,1.0
9750,1518,2.0
6755,1114,2.0
4150,776,1.0
5250,1050,1.0
3850,800,1.0
4500,900,1.0
2595,530,0.0
4400,1000,1.0
2200,700,2.0
4300,845,1.0
12500,2021,3.0
3375,619,1.0
2995,463,0.0
4000,606,1.0
4625,704,1.0
3775,483,0.0
4110,609,1.0
6500,1400,2.0
5225,1191,2.0
6600,1039,3.0
3620,658,1.0
3125,625,0.0
13500,1193,2.0
3400,800,2.0
7150,1221,2.0
2995,622,0.0
3200,621,1.0
3800,615,1.0
4500,963,1.0
7500,1350,2.0
3850,650,2.0
5995,1000,1.0
9000,1800,0.0
3420,591,1.0
2095,425,1.0
4210,532,1.0
6675,988,2.0
1699,250,0.0
3475,651,1.0
4500,816,1.0